profile_id,reachable_sinks
a0:learned_agent_0|a1:learned_agent_1,a0:cost_plus_agent_0|a1:cost_plus_agent_1
a0:learned_agent_0|a1:cost_plus_agent_1,a0:cost_plus_agent_0|a1:cost_plus_agent_1
a0:learned_agent_0|a1:hist_quantile_agent_1,a0:cost_plus_agent_0|a1:cost_plus_agent_1
a0:learned_agent_0|a1:learned_agent_1__price_up_1,a0:cost_plus_agent_0|a1:cost_plus_agent_1
a0:learned_agent_0|a1:learned_agent_1__price_down_1,a0:cost_plus_agent_0|a1:cost_plus_agent_1
a0:learned_agent_0|a1:learned_agent_1__quantity_up_1,a0:cost_plus_agent_0|a1:cost_plus_agent_1
a0:learned_agent_0|a1:learned_agent_1__quantity_down_1,a0:cost_plus_agent_0|a1:cost_plus_agent_1
a0:cost_plus_agent_0|a1:learned_agent_1,a0:cost_plus_agent_0|a1:cost_plus_agent_1
a0:cost_plus_agent_0|a1:cost_plus_agent_1,a0:cost_plus_agent_0|a1:cost_plus_agent_1
a0:cost_plus_agent_0|a1:hist_quantile_agent_1,a0:cost_plus_agent_0|a1:cost_plus_agent_1
a0:cost_plus_agent_0|a1:learned_agent_1__price_up_1,a0:cost_plus_agent_0|a1:cost_plus_agent_1
a0:cost_plus_agent_0|a1:learned_agent_1__price_down_1,a0:cost_plus_agent_0|a1:cost_plus_agent_1
a0:cost_plus_agent_0|a1:learned_agent_1__quantity_up_1,a0:cost_plus_agent_0|a1:cost_plus_agent_1
a0:cost_plus_agent_0|a1:learned_agent_1__quantity_down_1,a0:cost_plus_agent_0|a1:cost_plus_agent_1
a0:hist_quantile_agent_0|a1:learned_agent_1,a0:cost_plus_agent_0|a1:cost_plus_agent_1
a0:hist_quantile_agent_0|a1:cost_plus_agent_1,a0:cost_plus_agent_0|a1:cost_plus_agent_1
a0:hist_quantile_agent_0|a1:hist_quantile_agent_1,a0:cost_plus_agent_0|a1:cost_plus_agent_1
a0:hist_quantile_agent_0|a1:learned_agent_1__price_up_1,a0:cost_plus_agent_0|a1:cost_plus_agent_1
a0:hist_quantile_agent_0|a1:learned_agent_1__price_down_1,a0:cost_plus_agent_0|a1:cost_plus_agent_1
a0:hist_quantile_agent_0|a1:learned_agent_1__quantity_up_1,a0:cost_plus_agent_0|a1:cost_plus_agent_1
a0:hist_quantile_agent_0|a1:learned_agent_1__quantity_down_1,a0:cost_plus_agent_0|a1:cost_plus_agent_1
a0:learned_agent_0__price_up_1|a1:learned_agent_1,a0:cost_plus_agent_0|a1:cost_plus_agent_1
a0:learned_agent_0__price_up_1|a1:cost_plus_agent_1,a0:cost_plus_agent_0|a1:cost_plus_agent_1
a0:learned_agent_0__price_up_1|a1:hist_quantile_agent_1,a0:cost_plus_agent_0|a1:cost_plus_agent_1
a0:learned_agent_0__price_up_1|a1:learned_agent_1__price_up_1,a0:cost_plus_agent_0|a1:cost_plus_agent_1
a0:learned_agent_0__price_up_1|a1:learned_agent_1__price_down_1,a0:cost_plus_agent_0|a1:cost_plus_agent_1
a0:learned_agent_0__price_up_1|a1:learned_agent_1__quantity_up_1,a0:cost_plus_agent_0|a1:cost_plus_agent_1
a0:learned_agent_0__price_up_1|a1:learned_agent_1__quantity_down_1,a0:cost_plus_agent_0|a1:cost_plus_agent_1
a0:learned_agent_0__price_down_1|a1:learned_agent_1,a0:cost_plus_agent_0|a1:cost_plus_agent_1
a0:learned_agent_0__price_down_1|a1:cost_plus_agent_1,a0:cost_plus_agent_0|a1:cost_plus_agent_1
a0:learned_agent_0__price_down_1|a1:hist_quantile_agent_1,a0:cost_plus_agent_0|a1:cost_plus_agent_1
a0:learned_agent_0__price_down_1|a1:learned_agent_1__price_up_1,a0:cost_plus_agent_0|a1:cost_plus_agent_1
a0:learned_agent_0__price_down_1|a1:learned_agent_1__price_down_1,a0:cost_plus_agent_0|a1:cost_plus_agent_1
a0:learned_agent_0__price_down_1|a1:learned_agent_1__quantity_up_1,a0:cost_plus_agent_0|a1:cost_plus_agent_1
a0:learned_agent_0__price_down_1|a1:learned_agent_1__quantity_down_1,a0:cost_plus_agent_0|a1:cost_plus_agent_1
a0:learned_agent_0__quantity_up_1|a1:learned_agent_1,a0:cost_plus_agent_0|a1:cost_plus_agent_1
a0:learned_agent_0__quantity_up_1|a1:cost_plus_agent_1,a0:cost_plus_agent_0|a1:cost_plus_agent_1
a0:learned_agent_0__quantity_up_1|a1:hist_quantile_agent_1,a0:cost_plus_agent_0|a1:cost_plus_agent_1
a0:learned_agent_0__quantity_up_1|a1:learned_agent_1__price_up_1,a0:cost_plus_agent_0|a1:cost_plus_agent_1
a0:learned_agent_0__quantity_up_1|a1:learned_agent_1__price_down_1,a0:cost_plus_agent_0|a1:cost_plus_agent_1
a0:learned_agent_0__quantity_up_1|a1:learned_agent_1__quantity_up_1,a0:cost_plus_agent_0|a1:cost_plus_agent_1
a0:learned_agent_0__quantity_up_1|a1:learned_agent_1__quantity_down_1,a0:cost_plus_agent_0|a1:cost_plus_agent_1
a0:learned_agent_0__quantity_down_1|a1:learned_agent_1,a0:cost_plus_agent_0|a1:cost_plus_agent_1
a0:learned_agent_0__quantity_down_1|a1:cost_plus_agent_1,a0:cost_plus_agent_0|a1:cost_plus_agent_1
a0:learned_agent_0__quantity_down_1|a1:hist_quantile_agent_1,a0:cost_plus_agent_0|a1:cost_plus_agent_1
a0:learned_agent_0__quantity_down_1|a1:learned_agent_1__price_up_1,a0:cost_plus_agent_0|a1:cost_plus_agent_1
a0:learned_agent_0__quantity_down_1|a1:learned_agent_1__price_down_1,a0:cost_plus_agent_0|a1:cost_plus_agent_1
a0:learned_agent_0__quantity_down_1|a1:learned_agent_1__quantity_up_1,a0:cost_plus_agent_0|a1:cost_plus_agent_1
a0:learned_agent_0__quantity_down_1|a1:learned_agent_1__quantity_down_1,a0:cost_plus_agent_0|a1:cost_plus_agent_1
